sample_id,species,batch,treatment,ultrasound
0,A. domesticus,1,A,1
1,A. domesticus,1,A,1
2,A. domesticus,1,A,1
3,A. domesticus,1,A,1
4,A. domesticus,1,A,1
5,A. domesticus,1,A,1
6,A. domesticus,1,A,1
7,A. domesticus,1,A,1
8,A. domesticus,1,A,1
9,A. domesticus,1,A,1
10,A. domesticus,1,A,1
11,A. domesticus,1,A,1
12,A. domesticus,1,A,1
13,A. domesticus,1,A,1
14,A. domesticus,1,A,1
15,A. domesticus,1,A,1
16,A. domesticus,1,A,1
17,A. domesticus,1,A,1
18,A. domesticus,1,A,1
19,A. domesticus,1,A,1
20,A. domesticus,1,A,1
21,A. domesticus,1,A,1
22,A. domesticus,1,A,1
23,A. domesticus,1,A,1
24,A. domesticus,1,A,1
25,A. domesticus,1,A,1
26,A. domesticus,1,A,1
27,A. domesticus,1,A,1
28,A. domesticus,1,A,1
29,A. domesticus,1,A,1
30,A. domesticus,1,A,1
31,A. domesticus,1,A,1
32,A. domesticus,1,A,1
33,A. domesticus,1,A,1
34,A. domesticus,1,A,1
35,A. domesticus,1,A,1
36,A. domesticus,1,A,1
37,A. domesticus,1,A,1
38,A. domesticus,1,A,1
39,A. domesticus,1,A,1
40,A. domesticus,1,A,1
41,A. domesticus,1,A,1
42,A. domesticus,1,A,1
43,A. domesticus,1,A,1
44,A. domesticus,1,A,1
45,A. domesticus,1,A,1
46,A. domesticus,1,A,1
47,A. domesticus,1,A,1
48,A. domesticus,1,A,1
49,A. domesticus,1,A,1
50,A. domesticus,1,A,0
51,A. domesticus,1,A,0
52,A. domesticus,1,A,0
53,A. domesticus,1,A,0
54,A. domesticus,1,A,0
55,A. domesticus,1,A,0
56,A. domesticus,1,A,0
57,A. domesticus,1,A,0
58,A. domesticus,1,A,0
59,A. domesticus,1,A,0
60,A. domesticus,1,A,0
61,A. domesticus,1,A,0
62,A. domesticus,1,A,0
63,A. domesticus,1,A,0
64,A. domesticus,1,A,0
65,A. domesticus,1,A,0
66,A. domesticus,1,A,0
67,A. domesticus,1,A,0
68,A. domesticus,1,A,0
69,A. domesticus,1,A,0
70,A. domesticus,1,A,0
71,A. domesticus,1,A,0
72,A. domesticus,1,A,0
73,A. domesticus,1,A,0
74,A. domesticus,1,A,0
75,A. domesticus,1,A,0
76,A. domesticus,1,A,0
77,A. domesticus,1,A,0
78,A. domesticus,1,A,0
79,A. domesticus,1,A,0
80,A. domesticus,1,A,0
81,A. domesticus,1,A,0
82,A. domesticus,1,A,0
83,A. domesticus,1,A,0
84,A. domesticus,1,A,0
85,A. domesticus,1,A,0
86,A. domesticus,1,A,0
87,A. domesticus,1,A,0
88,A. domesticus,1,A,0
89,A. domesticus,1,A,0
90,A. domesticus,1,A,0
91,A. domesticus,1,A,0
92,A. domesticus,1,A,0
93,A. domesticus,1,A,0
94,A. domesticus,1,A,0
95,A. domesticus,1,A,0
96,A. domesticus,1,A,0
97,A. domesticus,1,A,0
98,A. domesticus,1,A,0
99,A. domesticus,1,A,0
100,A. domesticus,1,B,1
101,A. domesticus,1,B,1
102,A. domesticus,1,B,1
103,A. domesticus,1,B,1
104,A. domesticus,1,B,1
105,A. domesticus,1,B,1
106,A. domesticus,1,B,1
107,A. domesticus,1,B,1
108,A. domesticus,1,B,1
109,A. domesticus,1,B,1
110,A. domesticus,1,B,1
111,A. domesticus,1,B,1
112,A. domesticus,1,B,1
113,A. domesticus,1,B,1
114,A. domesticus,1,B,1
115,A. domesticus,1,B,1
116,A. domesticus,1,B,1
117,A. domesticus,1,B,1
118,A. domesticus,1,B,1
119,A. domesticus,1,B,1
120,A. domesticus,1,B,1
121,A. domesticus,1,B,1
122,A. domesticus,1,B,1
123,A. domesticus,1,B,1
124,A. domesticus,1,B,1
125,A. domesticus,1,B,1
126,A. domesticus,1,B,1
127,A. domesticus,1,B,1
128,A. domesticus,1,B,1
129,A. domesticus,1,B,1
130,A. domesticus,1,B,1
131,A. domesticus,1,B,1
132,A. domesticus,1,B,1
133,A. domesticus,1,B,1
134,A. domesticus,1,B,1
135,A. domesticus,1,B,1
136,A. domesticus,1,B,1
137,A. domesticus,1,B,1
138,A. domesticus,1,B,1
139,A. domesticus,1,B,1
140,A. domesticus,1,B,1
141,A. domesticus,1,B,1
142,A. domesticus,1,B,1
143,A. domesticus,1,B,1
144,A. domesticus,1,B,1
145,A. domesticus,1,B,1
146,A. domesticus,1,B,1
147,A. domesticus,1,B,1
148,A. domesticus,1,B,1
149,A. domesticus,1,B,1
150,A. domesticus,1,B,0
151,A. domesticus,1,B,0
152,A. domesticus,1,B,0
153,A. domesticus,1,B,0
154,A. domesticus,1,B,0
155,A. domesticus,1,B,0
156,A. domesticus,1,B,0
157,A. domesticus,1,B,0
158,A. domesticus,1,B,0
159,A. domesticus,1,B,0
160,A. domesticus,1,B,0
161,A. domesticus,1,B,0
162,A. domesticus,1,B,0
163,A. domesticus,1,B,0
164,A. domesticus,1,B,0
165,A. domesticus,1,B,0
166,A. domesticus,1,B,0
167,A. domesticus,1,B,0
168,A. domesticus,1,B,0
169,A. domesticus,1,B,0
170,A. domesticus,1,B,0
171,A. domesticus,1,B,0
172,A. domesticus,1,B,0
173,A. domesticus,1,B,0
174,A. domesticus,1,B,0
175,A. domesticus,1,B,0
176,A. domesticus,1,B,0
177,A. domesticus,1,B,0
178,A. domesticus,1,B,0
179,A. domesticus,1,B,0
180,A. domesticus,1,B,0
181,A. domesticus,1,B,0
182,A. domesticus,1,B,0
183,A. domesticus,1,B,0
184,A. domesticus,1,B,0
185,A. domesticus,1,B,0
186,A. domesticus,1,B,0
187,A. domesticus,1,B,0
188,A. domesticus,1,B,0
189,A. domesticus,1,B,0
190,A. domesticus,1,B,0
191,A. domesticus,1,B,0
192,A. domesticus,1,B,0
193,A. domesticus,1,B,0
194,A. domesticus,1,B,0
195,A. domesticus,1,B,0
196,A. domesticus,1,B,0
197,A. domesticus,1,B,0
198,A. domesticus,1,B,0
199,A. domesticus,1,B,0
200,A. domesticus,1,C,1
201,A. domesticus,1,C,1
202,A. domesticus,1,C,1
203,A. domesticus,1,C,1
204,A. domesticus,1,C,1
205,A. domesticus,1,C,1
206,A. domesticus,1,C,1
207,A. domesticus,1,C,1
208,A. domesticus,1,C,1
209,A. domesticus,1,C,1
210,A. domesticus,1,C,1
211,A. domesticus,1,C,1
212,A. domesticus,1,C,1
213,A. domesticus,1,C,1
214,A. domesticus,1,C,1
215,A. domesticus,1,C,1
216,A. domesticus,1,C,1
217,A. domesticus,1,C,1
218,A. domesticus,1,C,1
219,A. domesticus,1,C,1
220,A. domesticus,1,C,1
221,A. domesticus,1,C,1
222,A. domesticus,1,C,1
223,A. domesticus,1,C,1
224,A. domesticus,1,C,1
225,A. domesticus,1,C,1
226,A. domesticus,1,C,1
227,A. domesticus,1,C,1
228,A. domesticus,1,C,1
229,A. domesticus,1,C,1
230,A. domesticus,1,C,1
231,A. domesticus,1,C,1
232,A. domesticus,1,C,1
233,A. domesticus,1,C,1
234,A. domesticus,1,C,1
235,A. domesticus,1,C,1
236,A. domesticus,1,C,1
237,A. domesticus,1,C,1
238,A. domesticus,1,C,1
239,A. domesticus,1,C,1
240,A. domesticus,1,C,1
241,A. domesticus,1,C,1
242,A. domesticus,1,C,1
243,A. domesticus,1,C,1
244,A. domesticus,1,C,1
245,A. domesticus,1,C,1
246,A. domesticus,1,C,1
247,A. domesticus,1,C,1
248,A. domesticus,1,C,1
249,A. domesticus,1,C,1
250,A. domesticus,1,C,0
251,A. domesticus,1,C,0
252,A. domesticus,1,C,0
253,A. domesticus,1,C,0
254,A. domesticus,1,C,0
255,A. domesticus,1,C,0
256,A. domesticus,1,C,0
257,A. domesticus,1,C,0
258,A. domesticus,1,C,0
259,A. domesticus,1,C,0
260,A. domesticus,1,C,0
261,A. domesticus,1,C,0
262,A. domesticus,1,C,0
263,A. domesticus,1,C,0
264,A. domesticus,1,C,0
265,A. domesticus,1,C,0
266,A. domesticus,1,C,0
267,A. domesticus,1,C,0
268,A. domesticus,1,C,0
269,A. domesticus,1,C,0
270,A. domesticus,1,C,0
271,A. domesticus,1,C,0
272,A. domesticus,1,C,0
273,A. domesticus,1,C,0
274,A. domesticus,1,C,0
275,A. domesticus,1,C,0
276,A. domesticus,1,C,0
277,A. domesticus,1,C,0
278,A. domesticus,1,C,0
279,A. domesticus,1,C,0
280,A. domesticus,1,C,0
281,A. domesticus,1,C,0
282,A. domesticus,1,C,0
283,A. domesticus,1,C,0
284,A. domesticus,1,C,0
285,A. domesticus,1,C,0
286,A. domesticus,1,C,0
287,A. domesticus,1,C,0
288,A. domesticus,1,C,0
289,A. domesticus,1,C,0
290,A. domesticus,1,C,0
291,A. domesticus,1,C,0
292,A. domesticus,1,C,0
293,A. domesticus,1,C,0
294,A. domesticus,1,C,0
295,A. domesticus,1,C,0
296,A. domesticus,1,C,0
297,A. domesticus,1,C,0
298,A. domesticus,1,C,0
299,A. domesticus,1,C,0
300,T. molitor,1,A,1
301,T. molitor,1,A,1
302,T. molitor,1,A,1
303,T. molitor,1,A,1
304,T. molitor,1,A,1
305,T. molitor,1,A,1
306,T. molitor,1,A,1
307,T. molitor,1,A,1
308,T. molitor,1,A,1
309,T. molitor,1,A,1
310,T. molitor,1,A,1
311,T. molitor,1,A,1
312,T. molitor,1,A,1
313,T. molitor,1,A,1
314,T. molitor,1,A,1
315,T. molitor,1,A,1
316,T. molitor,1,A,1
317,T. molitor,1,A,1
318,T. molitor,1,A,1
319,T. molitor,1,A,1
320,T. molitor,1,A,1
321,T. molitor,1,A,1
322,T. molitor,1,A,1
323,T. molitor,1,A,1
324,T. molitor,1,A,1
325,T. molitor,1,A,1
326,T. molitor,1,A,1
327,T. molitor,1,A,1
328,T. molitor,1,A,1
329,T. molitor,1,A,1
330,T. molitor,1,A,1
331,T. molitor,1,A,1
332,T. molitor,1,A,1
333,T. molitor,1,A,1
334,T. molitor,1,A,1
335,T. molitor,1,A,1
336,T. molitor,1,A,1
337,T. molitor,1,A,1
338,T. molitor,1,A,1
339,T. molitor,1,A,1
340,T. molitor,1,A,1
341,T. molitor,1,A,1
342,T. molitor,1,A,1
343,T. molitor,1,A,1
344,T. molitor,1,A,1
345,T. molitor,1,A,1
346,T. molitor,1,A,1
347,T. molitor,1,A,1
348,T. molitor,1,A,1
349,T. molitor,1,A,1
350,T. molitor,1,A,0
351,T. molitor,1,A,0
352,T. molitor,1,A,0
353,T. molitor,1,A,0
354,T. molitor,1,A,0
355,T. molitor,1,A,0
356,T. molitor,1,A,0
357,T. molitor,1,A,0
358,T. molitor,1,A,0
359,T. molitor,1,A,0
360,T. molitor,1,A,0
361,T. molitor,1,A,0
362,T. molitor,1,A,0
363,T. molitor,1,A,0
364,T. molitor,1,A,0
365,T. molitor,1,A,0
366,T. molitor,1,A,0
367,T. molitor,1,A,0
368,T. molitor,1,A,0
369,T. molitor,1,A,0
370,T. molitor,1,A,0
371,T. molitor,1,A,0
372,T. molitor,1,A,0
373,T. molitor,1,A,0
374,T. molitor,1,A,0
375,T. molitor,1,A,0
376,T. molitor,1,A,0
377,T. molitor,1,A,0
378,T. molitor,1,A,0
379,T. molitor,1,A,0
380,T. molitor,1,A,0
381,T. molitor,1,A,0
382,T. molitor,1,A,0
383,T. molitor,1,A,0
384,T. molitor,1,A,0
385,T. molitor,1,A,0
386,T. molitor,1,A,0
387,T. molitor,1,A,0
388,T. molitor,1,A,0
389,T. molitor,1,A,0
390,T. molitor,1,A,0
391,T. molitor,1,A,0
392,T. molitor,1,A,0
393,T. molitor,1,A,0
394,T. molitor,1,A,0
395,T. molitor,1,A,0
396,T. molitor,1,A,0
397,T. molitor,1,A,0
398,T. molitor,1,A,0
399,T. molitor,1,A,0
400,T. molitor,1,B,1
401,T. molitor,1,B,1
402,T. molitor,1,B,1
403,T. molitor,1,B,1
404,T. molitor,1,B,1
405,T. molitor,1,B,1
406,T. molitor,1,B,1
407,T. molitor,1,B,1
408,T. molitor,1,B,1
409,T. molitor,1,B,1
410,T. molitor,1,B,1
411,T. molitor,1,B,1
412,T. molitor,1,B,1
413,T. molitor,1,B,1
414,T. molitor,1,B,1
415,T. molitor,1,B,1
416,T. molitor,1,B,1
417,T. molitor,1,B,1
418,T. molitor,1,B,1
419,T. molitor,1,B,1
420,T. molitor,1,B,1
421,T. molitor,1,B,1
422,T. molitor,1,B,1
423,T. molitor,1,B,1
424,T. molitor,1,B,1
425,T. molitor,1,B,1
426,T. molitor,1,B,1
427,T. molitor,1,B,1
428,T. molitor,1,B,1
429,T. molitor,1,B,1
430,T. molitor,1,B,1
431,T. molitor,1,B,1
432,T. molitor,1,B,1
433,T. molitor,1,B,1
434,T. molitor,1,B,1
435,T. molitor,1,B,1
436,T. molitor,1,B,1
437,T. molitor,1,B,1
438,T. molitor,1,B,1
439,T. molitor,1,B,1
440,T. molitor,1,B,1
441,T. molitor,1,B,1
442,T. molitor,1,B,1
443,T. molitor,1,B,1
444,T. molitor,1,B,1
445,T. molitor,1,B,1
446,T. molitor,1,B,1
447,T. molitor,1,B,1
448,T. molitor,1,B,1
449,T. molitor,1,B,1
450,T. molitor,1,B,0
451,T. molitor,1,B,0
452,T. molitor,1,B,0
453,T. molitor,1,B,0
454,T. molitor,1,B,0
455,T. molitor,1,B,0
456,T. molitor,1,B,0
457,T. molitor,1,B,0
458,T. molitor,1,B,0
459,T. molitor,1,B,0
460,T. molitor,1,B,0
461,T. molitor,1,B,0
462,T. molitor,1,B,0
463,T. molitor,1,B,0
464,T. molitor,1,B,0
465,T. molitor,1,B,0
466,T. molitor,1,B,0
467,T. molitor,1,B,0
468,T. molitor,1,B,0
469,T. molitor,1,B,0
470,T. molitor,1,B,0
471,T. molitor,1,B,0
472,T. molitor,1,B,0
473,T. molitor,1,B,0
474,T. molitor,1,B,0
475,T. molitor,1,B,0
476,T. molitor,1,B,0
477,T. molitor,1,B,0
478,T. molitor,1,B,0
479,T. molitor,1,B,0
480,T. molitor,1,B,0
481,T. molitor,1,B,0
482,T. molitor,1,B,0
483,T. molitor,1,B,0
484,T. molitor,1,B,0
485,T. molitor,1,B,0
486,T. molitor,1,B,0
487,T. molitor,1,B,0
488,T. molitor,1,B,0
489,T. molitor,1,B,0
490,T. molitor,1,B,0
491,T. molitor,1,B,0
492,T. molitor,1,B,0
493,T. molitor,1,B,0
494,T. molitor,1,B,0
495,T. molitor,1,B,0
496,T. molitor,1,B,0
497,T. molitor,1,B,0
498,T. molitor,1,B,0
499,T. molitor,1,B,0
500,T. molitor,1,C,1
501,T. molitor,1,C,1
502,T. molitor,1,C,1
503,T. molitor,1,C,1
504,T. molitor,1,C,1
505,T. molitor,1,C,1
506,T. molitor,1,C,1
507,T. molitor,1,C,1
508,T. molitor,1,C,1
509,T. molitor,1,C,1
510,T. molitor,1,C,1
511,T. molitor,1,C,1
512,T. molitor,1,C,1
513,T. molitor,1,C,1
514,T. molitor,1,C,1
515,T. molitor,1,C,1
516,T. molitor,1,C,1
517,T. molitor,1,C,1
518,T. molitor,1,C,1
519,T. molitor,1,C,1
520,T. molitor,1,C,1
521,T. molitor,1,C,1
522,T. molitor,1,C,1
523,T. molitor,1,C,1
524,T. molitor,1,C,1
525,T. molitor,1,C,1
526,T. molitor,1,C,1
527,T. molitor,1,C,1
528,T. molitor,1,C,1
529,T. molitor,1,C,1
530,T. molitor,1,C,1
531,T. molitor,1,C,1
532,T. molitor,1,C,1
533,T. molitor,1,C,1
534,T. molitor,1,C,1
535,T. molitor,1,C,1
536,T. molitor,1,C,1
537,T. molitor,1,C,1
538,T. molitor,1,C,1
539,T. molitor,1,C,1
540,T. molitor,1,C,1
541,T. molitor,1,C,1
542,T. molitor,1,C,1
543,T. molitor,1,C,1
544,T. molitor,1,C,1
545,T. molitor,1,C,1
546,T. molitor,1,C,1
547,T. molitor,1,C,1
548,T. molitor,1,C,1
549,T. molitor,1,C,1
550,T. molitor,1,C,0
551,T. molitor,1,C,0
552,T. molitor,1,C,0
553,T. molitor,1,C,0
554,T. molitor,1,C,0
555,T. molitor,1,C,0
556,T. molitor,1,C,0
557,T. molitor,1,C,0
558,T. molitor,1,C,0
559,T. molitor,1,C,0
560,T. molitor,1,C,0
561,T. molitor,1,C,0
562,T. molitor,1,C,0
563,T. molitor,1,C,0
564,T. molitor,1,C,0
565,T. molitor,1,C,0
566,T. molitor,1,C,0
567,T. molitor,1,C,0
568,T. molitor,1,C,0
569,T. molitor,1,C,0
570,T. molitor,1,C,0
571,T. molitor,1,C,0
572,T. molitor,1,C,0
573,T. molitor,1,C,0
574,T. molitor,1,C,0
575,T. molitor,1,C,0
576,T. molitor,1,C,0
577,T. molitor,1,C,0
578,T. molitor,1,C,0
579,T. molitor,1,C,0
580,T. molitor,1,C,0
581,T. molitor,1,C,0
582,T. molitor,1,C,0
583,T. molitor,1,C,0
584,T. molitor,1,C,0
585,T. molitor,1,C,0
586,T. molitor,1,C,0
587,T. molitor,1,C,0
588,T. molitor,1,C,0
589,T. molitor,1,C,0
590,T. molitor,1,C,0
591,T. molitor,1,C,0
592,T. molitor,1,C,0
593,T. molitor,1,C,0
594,T. molitor,1,C,0
595,T. molitor,1,C,0
596,T. molitor,1,C,0
597,T. molitor,1,C,0
598,T. molitor,1,C,0
599,T. molitor,1,C,0
600,H. illucens,1,A,1
601,H. illucens,1,A,1
602,H. illucens,1,A,1
603,H. illucens,1,A,1
604,H. illucens,1,A,1
605,H. illucens,1,A,1
606,H. illucens,1,A,1
607,H. illucens,1,A,1
608,H. illucens,1,A,1
609,H. illucens,1,A,1
610,H. illucens,1,A,1
611,H. illucens,1,A,1
612,H. illucens,1,A,1
613,H. illucens,1,A,1
614,H. illucens,1,A,1
615,H. illucens,1,A,1
616,H. illucens,1,A,1
617,H. illucens,1,A,1
618,H. illucens,1,A,1
619,H. illucens,1,A,1
620,H. illucens,1,A,1
621,H. illucens,1,A,1
622,H. illucens,1,A,1
623,H. illucens,1,A,1
624,H. illucens,1,A,1
625,H. illucens,1,A,1
626,H. illucens,1,A,1
627,H. illucens,1,A,1
628,H. illucens,1,A,1
629,H. illucens,1,A,1
630,H. illucens,1,A,1
631,H. illucens,1,A,1
632,H. illucens,1,A,1
633,H. illucens,1,A,1
634,H. illucens,1,A,1
635,H. illucens,1,A,1
636,H. illucens,1,A,1
637,H. illucens,1,A,1
638,H. illucens,1,A,1
639,H. illucens,1,A,1
640,H. illucens,1,A,1
641,H. illucens,1,A,1
642,H. illucens,1,A,1
643,H. illucens,1,A,1
644,H. illucens,1,A,1
645,H. illucens,1,A,1
646,H. illucens,1,A,1
647,H. illucens,1,A,1
648,H. illucens,1,A,1
649,H. illucens,1,A,1
650,H. illucens,1,A,0
651,H. illucens,1,A,0
652,H. illucens,1,A,0
653,H. illucens,1,A,0
654,H. illucens,1,A,0
655,H. illucens,1,A,0
656,H. illucens,1,A,0
657,H. illucens,1,A,0
658,H. illucens,1,A,0
659,H. illucens,1,A,0
660,H. illucens,1,A,0
661,H. illucens,1,A,0
662,H. illucens,1,A,0
663,H. illucens,1,A,0
664,H. illucens,1,A,0
665,H. illucens,1,A,0
666,H. illucens,1,A,0
667,H. illucens,1,A,0
668,H. illucens,1,A,0
669,H. illucens,1,A,0
670,H. illucens,1,A,0
671,H. illucens,1,A,0
672,H. illucens,1,A,0
673,H. illucens,1,A,0
674,H. illucens,1,A,0
675,H. illucens,1,A,0
676,H. illucens,1,A,0
677,H. illucens,1,A,0
678,H. illucens,1,A,0
679,H. illucens,1,A,0
680,H. illucens,1,A,0
681,H. illucens,1,A,0
682,H. illucens,1,A,0
683,H. illucens,1,A,0
684,H. illucens,1,A,0
685,H. illucens,1,A,0
686,H. illucens,1,A,0
687,H. illucens,1,A,0
688,H. illucens,1,A,0
689,H. illucens,1,A,0
690,H. illucens,1,A,0
691,H. illucens,1,A,0
692,H. illucens,1,A,0
693,H. illucens,1,A,0
694,H. illucens,1,A,0
695,H. illucens,1,A,0
696,H. illucens,1,A,0
697,H. illucens,1,A,0
698,H. illucens,1,A,0
699,H. illucens,1,A,0
700,H. illucens,1,B,1
701,H. illucens,1,B,1
702,H. illucens,1,B,1
703,H. illucens,1,B,1
704,H. illucens,1,B,1
705,H. illucens,1,B,1
706,H. illucens,1,B,1
707,H. illucens,1,B,1
708,H. illucens,1,B,1
709,H. illucens,1,B,1
710,H. illucens,1,B,1
711,H. illucens,1,B,1
712,H. illucens,1,B,1
713,H. illucens,1,B,1
714,H. illucens,1,B,1
715,H. illucens,1,B,1
716,H. illucens,1,B,1
717,H. illucens,1,B,1
718,H. illucens,1,B,1
719,H. illucens,1,B,1
720,H. illucens,1,B,1
721,H. illucens,1,B,1
722,H. illucens,1,B,1
723,H. illucens,1,B,1
724,H. illucens,1,B,1
725,H. illucens,1,B,1
726,H. illucens,1,B,1
727,H. illucens,1,B,1
728,H. illucens,1,B,1
729,H. illucens,1,B,1
730,H. illucens,1,B,1
731,H. illucens,1,B,1
732,H. illucens,1,B,1
733,H. illucens,1,B,1
734,H. illucens,1,B,1
735,H. illucens,1,B,1
736,H. illucens,1,B,1
737,H. illucens,1,B,1
738,H. illucens,1,B,1
739,H. illucens,1,B,1
740,H. illucens,1,B,1
741,H. illucens,1,B,1
742,H. illucens,1,B,1
743,H. illucens,1,B,1
744,H. illucens,1,B,1
745,H. illucens,1,B,1
746,H. illucens,1,B,1
747,H. illucens,1,B,1
748,H. illucens,1,B,1
749,H. illucens,1,B,1
750,H. illucens,1,B,0
751,H. illucens,1,B,0
752,H. illucens,1,B,0
753,H. illucens,1,B,0
754,H. illucens,1,B,0
755,H. illucens,1,B,0
756,H. illucens,1,B,0
757,H. illucens,1,B,0
758,H. illucens,1,B,0
759,H. illucens,1,B,0
760,H. illucens,1,B,0
761,H. illucens,1,B,0
762,H. illucens,1,B,0
763,H. illucens,1,B,0
764,H. illucens,1,B,0
765,H. illucens,1,B,0
766,H. illucens,1,B,0
767,H. illucens,1,B,0
768,H. illucens,1,B,0
769,H. illucens,1,B,0
770,H. illucens,1,B,0
771,H. illucens,1,B,0
772,H. illucens,1,B,0
773,H. illucens,1,B,0
774,H. illucens,1,B,0
775,H. illucens,1,B,0
776,H. illucens,1,B,0
777,H. illucens,1,B,0
778,H. illucens,1,B,0
779,H. illucens,1,B,0
780,H. illucens,1,B,0
781,H. illucens,1,B,0
782,H. illucens,1,B,0
783,H. illucens,1,B,0
784,H. illucens,1,B,0
785,H. illucens,1,B,0
786,H. illucens,1,B,0
787,H. illucens,1,B,0
788,H. illucens,1,B,0
789,H. illucens,1,B,0
790,H. illucens,1,B,0
791,H. illucens,1,B,0
792,H. illucens,1,B,0
793,H. illucens,1,B,0
794,H. illucens,1,B,0
795,H. illucens,1,B,0
796,H. illucens,1,B,0
797,H. illucens,1,B,0
798,H. illucens,1,B,0
799,H. illucens,1,B,0
800,H. illucens,1,C,1
801,H. illucens,1,C,1
802,H. illucens,1,C,1
803,H. illucens,1,C,1
804,H. illucens,1,C,1
805,H. illucens,1,C,1
806,H. illucens,1,C,1
807,H. illucens,1,C,1
808,H. illucens,1,C,1
809,H. illucens,1,C,1
810,H. illucens,1,C,1
811,H. illucens,1,C,1
812,H. illucens,1,C,1
813,H. illucens,1,C,1
814,H. illucens,1,C,1
815,H. illucens,1,C,1
816,H. illucens,1,C,1
817,H. illucens,1,C,1
818,H. illucens,1,C,1
819,H. illucens,1,C,1
820,H. illucens,1,C,1
821,H. illucens,1,C,1
822,H. illucens,1,C,1
823,H. illucens,1,C,1
824,H. illucens,1,C,1
825,H. illucens,1,C,1
826,H. illucens,1,C,1
827,H. illucens,1,C,1
828,H. illucens,1,C,1
829,H. illucens,1,C,1
830,H. illucens,1,C,1
831,H. illucens,1,C,1
832,H. illucens,1,C,1
833,H. illucens,1,C,1
834,H. illucens,1,C,1
835,H. illucens,1,C,1
836,H. illucens,1,C,1
837,H. illucens,1,C,1
838,H. illucens,1,C,1
839,H. illucens,1,C,1
840,H. illucens,1,C,1
841,H. illucens,1,C,1
842,H. illucens,1,C,1
843,H. illucens,1,C,1
844,H. illucens,1,C,1
845,H. illucens,1,C,1
846,H. illucens,1,C,1
847,H. illucens,1,C,1
848,H. illucens,1,C,1
849,H. illucens,1,C,1
850,H. illucens,1,C,0
851,H. illucens,1,C,0
852,H. illucens,1,C,0
853,H. illucens,1,C,0
854,H. illucens,1,C,0
855,H. illucens,1,C,0
856,H. illucens,1,C,0
857,H. illucens,1,C,0
858,H. illucens,1,C,0
859,H. illucens,1,C,0
860,H. illucens,1,C,0
861,H. illucens,1,C,0
862,H. illucens,1,C,0
863,H. illucens,1,C,0
864,H. illucens,1,C,0
865,H. illucens,1,C,0
866,H. illucens,1,C,0
867,H. illucens,1,C,0
868,H. illucens,1,C,0
869,H. illucens,1,C,0
870,H. illucens,1,C,0
871,H. illucens,1,C,0
872,H. illucens,1,C,0
873,H. illucens,1,C,0
874,H. illucens,1,C,0
875,H. illucens,1,C,0
876,H. illucens,1,C,0
877,H. illucens,1,C,0
878,H. illucens,1,C,0
879,H. illucens,1,C,0
880,H. illucens,1,C,0
881,H. illucens,1,C,0
882,H. illucens,1,C,0
883,H. illucens,1,C,0
884,H. illucens,1,C,0
885,H. illucens,1,C,0
886,H. illucens,1,C,0
887,H. illucens,1,C,0
888,H. illucens,1,C,0
889,H. illucens,1,C,0
890,H. illucens,1,C,0
891,H. illucens,1,C,0
892,H. illucens,1,C,0
893,H. illucens,1,C,0
894,H. illucens,1,C,0
895,H. illucens,1,C,0
896,H. illucens,1,C,0
897,H. illucens,1,C,0
898,H. illucens,1,C,0
899,H. illucens,1,C,0
900,A. domesticus,2,A,1
901,A. domesticus,2,A,1
902,A. domesticus,2,A,1
903,A. domesticus,2,A,1
904,A. domesticus,2,A,1
905,A. domesticus,2,A,1
906,A. domesticus,2,A,1
907,A. domesticus,2,A,1
908,A. domesticus,2,A,1
909,A. domesticus,2,A,1
910,A. domesticus,2,A,1
911,A. domesticus,2,A,1
912,A. domesticus,2,A,1
913,A. domesticus,2,A,1
914,A. domesticus,2,A,1
915,A. domesticus,2,A,1
916,A. domesticus,2,A,1
917,A. domesticus,2,A,1
918,A. domesticus,2,A,1
919,A. domesticus,2,A,1
920,A. domesticus,2,A,1
921,A. domesticus,2,A,1
922,A. domesticus,2,A,1
923,A. domesticus,2,A,1
924,A. domesticus,2,A,1
925,A. domesticus,2,A,1
926,A. domesticus,2,A,1
927,A. domesticus,2,A,1
928,A. domesticus,2,A,1
929,A. domesticus,2,A,1
930,A. domesticus,2,A,1
931,A. domesticus,2,A,1
932,A. domesticus,2,A,1
933,A. domesticus,2,A,1
934,A. domesticus,2,A,1
935,A. domesticus,2,A,1
936,A. domesticus,2,A,1
937,A. domesticus,2,A,1
938,A. domesticus,2,A,1
939,A. domesticus,2,A,1
940,A. domesticus,2,A,1
941,A. domesticus,2,A,1
942,A. domesticus,2,A,1
943,A. domesticus,2,A,1
944,A. domesticus,2,A,1
945,A. domesticus,2,A,1
946,A. domesticus,2,A,1
947,A. domesticus,2,A,1
948,A. domesticus,2,A,1
949,A. domesticus,2,A,1
950,A. domesticus,2,A,0
951,A. domesticus,2,A,0
952,A. domesticus,2,A,0
953,A. domesticus,2,A,0
954,A. domesticus,2,A,0
955,A. domesticus,2,A,0
956,A. domesticus,2,A,0
957,A. domesticus,2,A,0
958,A. domesticus,2,A,0
959,A. domesticus,2,A,0
960,A. domesticus,2,A,0
961,A. domesticus,2,A,0
962,A. domesticus,2,A,0
963,A. domesticus,2,A,0
964,A. domesticus,2,A,0
965,A. domesticus,2,A,0
966,A. domesticus,2,A,0
967,A. domesticus,2,A,0
968,A. domesticus,2,A,0
969,A. domesticus,2,A,0
970,A. domesticus,2,A,0
971,A. domesticus,2,A,0
972,A. domesticus,2,A,0
973,A. domesticus,2,A,0
974,A. domesticus,2,A,0
975,A. domesticus,2,A,0
976,A. domesticus,2,A,0
977,A. domesticus,2,A,0
978,A. domesticus,2,A,0
979,A. domesticus,2,A,0
980,A. domesticus,2,A,0
981,A. domesticus,2,A,0
982,A. domesticus,2,A,0
983,A. domesticus,2,A,0
984,A. domesticus,2,A,0
985,A. domesticus,2,A,0
986,A. domesticus,2,A,0
987,A. domesticus,2,A,0
988,A. domesticus,2,A,0
989,A. domesticus,2,A,0
990,A. domesticus,2,A,0
991,A. domesticus,2,A,0
992,A. domesticus,2,A,0
993,A. domesticus,2,A,0
994,A. domesticus,2,A,0
995,A. domesticus,2,A,0
996,A. domesticus,2,A,0
997,A. domesticus,2,A,0
998,A. domesticus,2,A,0
999,A. domesticus,2,A,0
1000,A. domesticus,2,B,1
1001,A. domesticus,2,B,1
1002,A. domesticus,2,B,1
1003,A. domesticus,2,B,1
1004,A. domesticus,2,B,1
1005,A. domesticus,2,B,1
1006,A. domesticus,2,B,1
1007,A. domesticus,2,B,1
1008,A. domesticus,2,B,1
1009,A. domesticus,2,B,1
1010,A. domesticus,2,B,1
1011,A. domesticus,2,B,1
1012,A. domesticus,2,B,1
1013,A. domesticus,2,B,1
1014,A. domesticus,2,B,1
1015,A. domesticus,2,B,1
1016,A. domesticus,2,B,1
1017,A. domesticus,2,B,1
1018,A. domesticus,2,B,1
1019,A. domesticus,2,B,1
1020,A. domesticus,2,B,1
1021,A. domesticus,2,B,1
1022,A. domesticus,2,B,1
1023,A. domesticus,2,B,1
1024,A. domesticus,2,B,1
1025,A. domesticus,2,B,1
1026,A. domesticus,2,B,1
1027,A. domesticus,2,B,1
1028,A. domesticus,2,B,1
1029,A. domesticus,2,B,1
1030,A. domesticus,2,B,1
1031,A. domesticus,2,B,1
1032,A. domesticus,2,B,1
1033,A. domesticus,2,B,1
1034,A. domesticus,2,B,1
1035,A. domesticus,2,B,1
1036,A. domesticus,2,B,1
1037,A. domesticus,2,B,1
1038,A. domesticus,2,B,1
1039,A. domesticus,2,B,1
1040,A. domesticus,2,B,1
1041,A. domesticus,2,B,1
1042,A. domesticus,2,B,1
1043,A. domesticus,2,B,1
1044,A. domesticus,2,B,1
1045,A. domesticus,2,B,1
1046,A. domesticus,2,B,1
1047,A. domesticus,2,B,1
1048,A. domesticus,2,B,1
1049,A. domesticus,2,B,1
1050,A. domesticus,2,B,0
1051,A. domesticus,2,B,0
1052,A. domesticus,2,B,0
1053,A. domesticus,2,B,0
1054,A. domesticus,2,B,0
1055,A. domesticus,2,B,0
1056,A. domesticus,2,B,0
1057,A. domesticus,2,B,0
1058,A. domesticus,2,B,0
1059,A. domesticus,2,B,0
1060,A. domesticus,2,B,0
1061,A. domesticus,2,B,0
1062,A. domesticus,2,B,0
1063,A. domesticus,2,B,0
1064,A. domesticus,2,B,0
1065,A. domesticus,2,B,0
1066,A. domesticus,2,B,0
1067,A. domesticus,2,B,0
1068,A. domesticus,2,B,0
1069,A. domesticus,2,B,0
1070,A. domesticus,2,B,0
1071,A. domesticus,2,B,0
1072,A. domesticus,2,B,0
1073,A. domesticus,2,B,0
1074,A. domesticus,2,B,0
1075,A. domesticus,2,B,0
1076,A. domesticus,2,B,0
1077,A. domesticus,2,B,0
1078,A. domesticus,2,B,0
1079,A. domesticus,2,B,0
1080,A. domesticus,2,B,0
1081,A. domesticus,2,B,0
1082,A. domesticus,2,B,0
1083,A. domesticus,2,B,0
1084,A. domesticus,2,B,0
1085,A. domesticus,2,B,0
1086,A. domesticus,2,B,0
1087,A. domesticus,2,B,0
1088,A. domesticus,2,B,0
1089,A. domesticus,2,B,0
1090,A. domesticus,2,B,0
1091,A. domesticus,2,B,0
1092,A. domesticus,2,B,0
1093,A. domesticus,2,B,0
1094,A. domesticus,2,B,0
1095,A. domesticus,2,B,0
1096,A. domesticus,2,B,0
1097,A. domesticus,2,B,0
1098,A. domesticus,2,B,0
1099,A. domesticus,2,B,0
1100,A. domesticus,2,C,1
1101,A. domesticus,2,C,1
1102,A. domesticus,2,C,1
1103,A. domesticus,2,C,1
1104,A. domesticus,2,C,1
1105,A. domesticus,2,C,1
1106,A. domesticus,2,C,1
1107,A. domesticus,2,C,1
1108,A. domesticus,2,C,1
1109,A. domesticus,2,C,1
1110,A. domesticus,2,C,1
1111,A. domesticus,2,C,1
1112,A. domesticus,2,C,1
1113,A. domesticus,2,C,1
1114,A. domesticus,2,C,1
1115,A. domesticus,2,C,1
1116,A. domesticus,2,C,1
1117,A. domesticus,2,C,1
1118,A. domesticus,2,C,1
1119,A. domesticus,2,C,1
1120,A. domesticus,2,C,1
1121,A. domesticus,2,C,1
1122,A. domesticus,2,C,1
1123,A. domesticus,2,C,1
1124,A. domesticus,2,C,1
1125,A. domesticus,2,C,1
1126,A. domesticus,2,C,1
1127,A. domesticus,2,C,1
1128,A. domesticus,2,C,1
1129,A. domesticus,2,C,1
1130,A. domesticus,2,C,1
1131,A. domesticus,2,C,1
1132,A. domesticus,2,C,1
1133,A. domesticus,2,C,1
1134,A. domesticus,2,C,1
1135,A. domesticus,2,C,1
1136,A. domesticus,2,C,1
1137,A. domesticus,2,C,1
1138,A. domesticus,2,C,1
1139,A. domesticus,2,C,1
1140,A. domesticus,2,C,1
1141,A. domesticus,2,C,1
1142,A. domesticus,2,C,1
1143,A. domesticus,2,C,1
1144,A. domesticus,2,C,1
1145,A. domesticus,2,C,1
1146,A. domesticus,2,C,1
1147,A. domesticus,2,C,1
1148,A. domesticus,2,C,1
1149,A. domesticus,2,C,1
1150,A. domesticus,2,C,0
1151,A. domesticus,2,C,0
1152,A. domesticus,2,C,0
1153,A. domesticus,2,C,0
1154,A. domesticus,2,C,0
1155,A. domesticus,2,C,0
1156,A. domesticus,2,C,0
1157,A. domesticus,2,C,0
1158,A. domesticus,2,C,0
1159,A. domesticus,2,C,0
1160,A. domesticus,2,C,0
1161,A. domesticus,2,C,0
1162,A. domesticus,2,C,0
1163,A. domesticus,2,C,0
1164,A. domesticus,2,C,0
1165,A. domesticus,2,C,0
1166,A. domesticus,2,C,0
1167,A. domesticus,2,C,0
1168,A. domesticus,2,C,0
1169,A. domesticus,2,C,0
1170,A. domesticus,2,C,0
1171,A. domesticus,2,C,0
1172,A. domesticus,2,C,0
1173,A. domesticus,2,C,0
1174,A. domesticus,2,C,0
1175,A. domesticus,2,C,0
1176,A. domesticus,2,C,0
1177,A. domesticus,2,C,0
1178,A. domesticus,2,C,0
1179,A. domesticus,2,C,0
1180,A. domesticus,2,C,0
1181,A. domesticus,2,C,0
1182,A. domesticus,2,C,0
1183,A. domesticus,2,C,0
1184,A. domesticus,2,C,0
1185,A. domesticus,2,C,0
1186,A. domesticus,2,C,0
1187,A. domesticus,2,C,0
1188,A. domesticus,2,C,0
1189,A. domesticus,2,C,0
1190,A. domesticus,2,C,0
1191,A. domesticus,2,C,0
1192,A. domesticus,2,C,0
1193,A. domesticus,2,C,0
1194,A. domesticus,2,C,0
1195,A. domesticus,2,C,0
1196,A. domesticus,2,C,0
1197,A. domesticus,2,C,0
1198,A. domesticus,2,C,0
1199,A. domesticus,2,C,0
1200,T. molitor,2,A,1
1201,T. molitor,2,A,1
1202,T. molitor,2,A,1
1203,T. molitor,2,A,1
1204,T. molitor,2,A,1
1205,T. molitor,2,A,1
1206,T. molitor,2,A,1
1207,T. molitor,2,A,1
1208,T. molitor,2,A,1
1209,T. molitor,2,A,1
1210,T. molitor,2,A,1
1211,T. molitor,2,A,1
1212,T. molitor,2,A,1
1213,T. molitor,2,A,1
1214,T. molitor,2,A,1
1215,T. molitor,2,A,1
1216,T. molitor,2,A,1
1217,T. molitor,2,A,1
1218,T. molitor,2,A,1
1219,T. molitor,2,A,1
1220,T. molitor,2,A,1
1221,T. molitor,2,A,1
1222,T. molitor,2,A,1
1223,T. molitor,2,A,1
1224,T. molitor,2,A,1
1225,T. molitor,2,A,1
1226,T. molitor,2,A,1
1227,T. molitor,2,A,1
1228,T. molitor,2,A,1
1229,T. molitor,2,A,1
1230,T. molitor,2,A,1
1231,T. molitor,2,A,1
1232,T. molitor,2,A,1
1233,T. molitor,2,A,1
1234,T. molitor,2,A,1
1235,T. molitor,2,A,1
1236,T. molitor,2,A,1
1237,T. molitor,2,A,1
1238,T. molitor,2,A,1
1239,T. molitor,2,A,1
1240,T. molitor,2,A,1
1241,T. molitor,2,A,1
1242,T. molitor,2,A,1
1243,T. molitor,2,A,1
1244,T. molitor,2,A,1
1245,T. molitor,2,A,1
1246,T. molitor,2,A,1
1247,T. molitor,2,A,1
1248,T. molitor,2,A,1
1249,T. molitor,2,A,1
1250,T. molitor,2,A,0
1251,T. molitor,2,A,0
1252,T. molitor,2,A,0
1253,T. molitor,2,A,0
1254,T. molitor,2,A,0
1255,T. molitor,2,A,0
1256,T. molitor,2,A,0
1257,T. molitor,2,A,0
1258,T. molitor,2,A,0
1259,T. molitor,2,A,0
1260,T. molitor,2,A,0
1261,T. molitor,2,A,0
1262,T. molitor,2,A,0
1263,T. molitor,2,A,0
1264,T. molitor,2,A,0
1265,T. molitor,2,A,0
1266,T. molitor,2,A,0
1267,T. molitor,2,A,0
1268,T. molitor,2,A,0
1269,T. molitor,2,A,0
1270,T. molitor,2,A,0
1271,T. molitor,2,A,0
1272,T. molitor,2,A,0
1273,T. molitor,2,A,0
1274,T. molitor,2,A,0
1275,T. molitor,2,A,0
1276,T. molitor,2,A,0
1277,T. molitor,2,A,0
1278,T. molitor,2,A,0
1279,T. molitor,2,A,0
1280,T. molitor,2,A,0
1281,T. molitor,2,A,0
1282,T. molitor,2,A,0
1283,T. molitor,2,A,0
1284,T. molitor,2,A,0
1285,T. molitor,2,A,0
1286,T. molitor,2,A,0
1287,T. molitor,2,A,0
1288,T. molitor,2,A,0
1289,T. molitor,2,A,0
1290,T. molitor,2,A,0
1291,T. molitor,2,A,0
1292,T. molitor,2,A,0
1293,T. molitor,2,A,0
1294,T. molitor,2,A,0
1295,T. molitor,2,A,0
1296,T. molitor,2,A,0
1297,T. molitor,2,A,0
1298,T. molitor,2,A,0
1299,T. molitor,2,A,0
1300,T. molitor,2,B,1
1301,T. molitor,2,B,1
1302,T. molitor,2,B,1
1303,T. molitor,2,B,1
1304,T. molitor,2,B,1
1305,T. molitor,2,B,1
1306,T. molitor,2,B,1
1307,T. molitor,2,B,1
1308,T. molitor,2,B,1
1309,T. molitor,2,B,1
1310,T. molitor,2,B,1
1311,T. molitor,2,B,1
1312,T. molitor,2,B,1
1313,T. molitor,2,B,1
1314,T. molitor,2,B,1
1315,T. molitor,2,B,1
1316,T. molitor,2,B,1
1317,T. molitor,2,B,1
1318,T. molitor,2,B,1
1319,T. molitor,2,B,1
1320,T. molitor,2,B,1
1321,T. molitor,2,B,1
1322,T. molitor,2,B,1
1323,T. molitor,2,B,1
1324,T. molitor,2,B,1
1325,T. molitor,2,B,1
1326,T. molitor,2,B,1
1327,T. molitor,2,B,1
1328,T. molitor,2,B,1
1329,T. molitor,2,B,1
1330,T. molitor,2,B,1
1331,T. molitor,2,B,1
1332,T. molitor,2,B,1
1333,T. molitor,2,B,1
1334,T. molitor,2,B,1
1335,T. molitor,2,B,1
1336,T. molitor,2,B,1
1337,T. molitor,2,B,1
1338,T. molitor,2,B,1
1339,T. molitor,2,B,1
1340,T. molitor,2,B,1
1341,T. molitor,2,B,1
1342,T. molitor,2,B,1
1343,T. molitor,2,B,1
1344,T. molitor,2,B,1
1345,T. molitor,2,B,1
1346,T. molitor,2,B,1
1347,T. molitor,2,B,1
1348,T. molitor,2,B,1
1349,T. molitor,2,B,1
1350,T. molitor,2,B,0
1351,T. molitor,2,B,0
1352,T. molitor,2,B,0
1353,T. molitor,2,B,0
1354,T. molitor,2,B,0
1355,T. molitor,2,B,0
1356,T. molitor,2,B,0
1357,T. molitor,2,B,0
1358,T. molitor,2,B,0
1359,T. molitor,2,B,0
1360,T. molitor,2,B,0
1361,T. molitor,2,B,0
1362,T. molitor,2,B,0
1363,T. molitor,2,B,0
1364,T. molitor,2,B,0
1365,T. molitor,2,B,0
1366,T. molitor,2,B,0
1367,T. molitor,2,B,0
1368,T. molitor,2,B,0
1369,T. molitor,2,B,0
1370,T. molitor,2,B,0
1371,T. molitor,2,B,0
1372,T. molitor,2,B,0
1373,T. molitor,2,B,0
1374,T. molitor,2,B,0
1375,T. molitor,2,B,0
1376,T. molitor,2,B,0
1377,T. molitor,2,B,0
1378,T. molitor,2,B,0
1379,T. molitor,2,B,0
1380,T. molitor,2,B,0
1381,T. molitor,2,B,0
1382,T. molitor,2,B,0
1383,T. molitor,2,B,0
1384,T. molitor,2,B,0
1385,T. molitor,2,B,0
1386,T. molitor,2,B,0
1387,T. molitor,2,B,0
1388,T. molitor,2,B,0
1389,T. molitor,2,B,0
1390,T. molitor,2,B,0
1391,T. molitor,2,B,0
1392,T. molitor,2,B,0
1393,T. molitor,2,B,0
1394,T. molitor,2,B,0
1395,T. molitor,2,B,0
1396,T. molitor,2,B,0
1397,T. molitor,2,B,0
1398,T. molitor,2,B,0
1399,T. molitor,2,B,0
1400,T. molitor,2,C,1
1401,T. molitor,2,C,1
1402,T. molitor,2,C,1
1403,T. molitor,2,C,1
1404,T. molitor,2,C,1
1405,T. molitor,2,C,1
1406,T. molitor,2,C,1
1407,T. molitor,2,C,1
1408,T. molitor,2,C,1
1409,T. molitor,2,C,1
1410,T. molitor,2,C,1
1411,T. molitor,2,C,1
1412,T. molitor,2,C,1
1413,T. molitor,2,C,1
1414,T. molitor,2,C,1
1415,T. molitor,2,C,1
1416,T. molitor,2,C,1
1417,T. molitor,2,C,1
1418,T. molitor,2,C,1
1419,T. molitor,2,C,1
1420,T. molitor,2,C,1
1421,T. molitor,2,C,1
1422,T. molitor,2,C,1
1423,T. molitor,2,C,1
1424,T. molitor,2,C,1
1425,T. molitor,2,C,1
1426,T. molitor,2,C,1
1427,T. molitor,2,C,1
1428,T. molitor,2,C,1
1429,T. molitor,2,C,1
1430,T. molitor,2,C,1
1431,T. molitor,2,C,1
1432,T. molitor,2,C,1
1433,T. molitor,2,C,1
1434,T. molitor,2,C,1
1435,T. molitor,2,C,1
1436,T. molitor,2,C,1
1437,T. molitor,2,C,1
1438,T. molitor,2,C,1
1439,T. molitor,2,C,1
1440,T. molitor,2,C,1
1441,T. molitor,2,C,1
1442,T. molitor,2,C,1
1443,T. molitor,2,C,1
1444,T. molitor,2,C,1
1445,T. molitor,2,C,1
1446,T. molitor,2,C,1
1447,T. molitor,2,C,1
1448,T. molitor,2,C,1
1449,T. molitor,2,C,1
1450,T. molitor,2,C,0
1451,T. molitor,2,C,0
1452,T. molitor,2,C,0
1453,T. molitor,2,C,0
1454,T. molitor,2,C,0
1455,T. molitor,2,C,0
1456,T. molitor,2,C,0
1457,T. molitor,2,C,0
1458,T. molitor,2,C,0
1459,T. molitor,2,C,0
1460,T. molitor,2,C,0
1461,T. molitor,2,C,0
1462,T. molitor,2,C,0
1463,T. molitor,2,C,0
1464,T. molitor,2,C,0
1465,T. molitor,2,C,0
1466,T. molitor,2,C,0
1467,T. molitor,2,C,0
1468,T. molitor,2,C,0
1469,T. molitor,2,C,0
1470,T. molitor,2,C,0
1471,T. molitor,2,C,0
1472,T. molitor,2,C,0
1473,T. molitor,2,C,0
1474,T. molitor,2,C,0
1475,T. molitor,2,C,0
1476,T. molitor,2,C,0
1477,T. molitor,2,C,0
1478,T. molitor,2,C,0
1479,T. molitor,2,C,0
1480,T. molitor,2,C,0
1481,T. molitor,2,C,0
1482,T. molitor,2,C,0
1483,T. molitor,2,C,0
1484,T. molitor,2,C,0
1485,T. molitor,2,C,0
1486,T. molitor,2,C,0
1487,T. molitor,2,C,0
1488,T. molitor,2,C,0
1489,T. molitor,2,C,0
1490,T. molitor,2,C,0
1491,T. molitor,2,C,0
1492,T. molitor,2,C,0
1493,T. molitor,2,C,0
1494,T. molitor,2,C,0
1495,T. molitor,2,C,0
1496,T. molitor,2,C,0
1497,T. molitor,2,C,0
1498,T. molitor,2,C,0
1499,T. molitor,2,C,0
1500,H. illucens,2,A,1
1501,H. illucens,2,A,1
1502,H. illucens,2,A,1
1503,H. illucens,2,A,1
1504,H. illucens,2,A,1
1505,H. illucens,2,A,1
1506,H. illucens,2,A,1
1507,H. illucens,2,A,1
1508,H. illucens,2,A,1
1509,H. illucens,2,A,1
1510,H. illucens,2,A,1
1511,H. illucens,2,A,1
1512,H. illucens,2,A,1
1513,H. illucens,2,A,1
1514,H. illucens,2,A,1
1515,H. illucens,2,A,1
1516,H. illucens,2,A,1
1517,H. illucens,2,A,1
1518,H. illucens,2,A,1
1519,H. illucens,2,A,1
1520,H. illucens,2,A,1
1521,H. illucens,2,A,1
1522,H. illucens,2,A,1
1523,H. illucens,2,A,1
1524,H. illucens,2,A,1
1525,H. illucens,2,A,1
1526,H. illucens,2,A,1
1527,H. illucens,2,A,1
1528,H. illucens,2,A,1
1529,H. illucens,2,A,1
1530,H. illucens,2,A,1
1531,H. illucens,2,A,1
1532,H. illucens,2,A,1
1533,H. illucens,2,A,1
1534,H. illucens,2,A,1
1535,H. illucens,2,A,1
1536,H. illucens,2,A,1
1537,H. illucens,2,A,1
1538,H. illucens,2,A,1
1539,H. illucens,2,A,1
1540,H. illucens,2,A,1
1541,H. illucens,2,A,1
1542,H. illucens,2,A,1
1543,H. illucens,2,A,1
1544,H. illucens,2,A,1
1545,H. illucens,2,A,1
1546,H. illucens,2,A,1
1547,H. illucens,2,A,1
1548,H. illucens,2,A,1
1549,H. illucens,2,A,1
1550,H. illucens,2,A,0
1551,H. illucens,2,A,0
1552,H. illucens,2,A,0
1553,H. illucens,2,A,0
1554,H. illucens,2,A,0
1555,H. illucens,2,A,0
1556,H. illucens,2,A,0
1557,H. illucens,2,A,0
1558,H. illucens,2,A,0
1559,H. illucens,2,A,0
1560,H. illucens,2,A,0
1561,H. illucens,2,A,0
1562,H. illucens,2,A,0
1563,H. illucens,2,A,0
1564,H. illucens,2,A,0
1565,H. illucens,2,A,0
1566,H. illucens,2,A,0
1567,H. illucens,2,A,0
1568,H. illucens,2,A,0
1569,H. illucens,2,A,0
1570,H. illucens,2,A,0
1571,H. illucens,2,A,0
1572,H. illucens,2,A,0
1573,H. illucens,2,A,0
1574,H. illucens,2,A,0
1575,H. illucens,2,A,0
1576,H. illucens,2,A,0
1577,H. illucens,2,A,0
1578,H. illucens,2,A,0
1579,H. illucens,2,A,0
1580,H. illucens,2,A,0
1581,H. illucens,2,A,0
1582,H. illucens,2,A,0
1583,H. illucens,2,A,0
1584,H. illucens,2,A,0
1585,H. illucens,2,A,0
1586,H. illucens,2,A,0
1587,H. illucens,2,A,0
1588,H. illucens,2,A,0
1589,H. illucens,2,A,0
1590,H. illucens,2,A,0
1591,H. illucens,2,A,0
1592,H. illucens,2,A,0
1593,H. illucens,2,A,0
1594,H. illucens,2,A,0
1595,H. illucens,2,A,0
1596,H. illucens,2,A,0
1597,H. illucens,2,A,0
1598,H. illucens,2,A,0
1599,H. illucens,2,A,0
1600,H. illucens,2,B,1
1601,H. illucens,2,B,1
1602,H. illucens,2,B,1
1603,H. illucens,2,B,1
1604,H. illucens,2,B,1
1605,H. illucens,2,B,1
1606,H. illucens,2,B,1
1607,H. illucens,2,B,1
1608,H. illucens,2,B,1
1609,H. illucens,2,B,1
1610,H. illucens,2,B,1
1611,H. illucens,2,B,1
1612,H. illucens,2,B,1
1613,H. illucens,2,B,1
1614,H. illucens,2,B,1
1615,H. illucens,2,B,1
1616,H. illucens,2,B,1
1617,H. illucens,2,B,1
1618,H. illucens,2,B,1
1619,H. illucens,2,B,1
1620,H. illucens,2,B,1
1621,H. illucens,2,B,1
1622,H. illucens,2,B,1
1623,H. illucens,2,B,1
1624,H. illucens,2,B,1
1625,H. illucens,2,B,1
1626,H. illucens,2,B,1
1627,H. illucens,2,B,1
1628,H. illucens,2,B,1
1629,H. illucens,2,B,1
1630,H. illucens,2,B,1
1631,H. illucens,2,B,1
1632,H. illucens,2,B,1
1633,H. illucens,2,B,1
1634,H. illucens,2,B,1
1635,H. illucens,2,B,1
1636,H. illucens,2,B,1
1637,H. illucens,2,B,1
1638,H. illucens,2,B,1
1639,H. illucens,2,B,1
1640,H. illucens,2,B,1
1641,H. illucens,2,B,1
1642,H. illucens,2,B,1
1643,H. illucens,2,B,1
1644,H. illucens,2,B,1
1645,H. illucens,2,B,1
1646,H. illucens,2,B,1
1647,H. illucens,2,B,1
1648,H. illucens,2,B,1
1649,H. illucens,2,B,1
1650,H. illucens,2,B,0
1651,H. illucens,2,B,0
1652,H. illucens,2,B,0
1653,H. illucens,2,B,0
1654,H. illucens,2,B,0
1655,H. illucens,2,B,0
1656,H. illucens,2,B,0
1657,H. illucens,2,B,0
1658,H. illucens,2,B,0
1659,H. illucens,2,B,0
1660,H. illucens,2,B,0
1661,H. illucens,2,B,0
1662,H. illucens,2,B,0
1663,H. illucens,2,B,0
1664,H. illucens,2,B,0
1665,H. illucens,2,B,0
1666,H. illucens,2,B,0
1667,H. illucens,2,B,0
1668,H. illucens,2,B,0
1669,H. illucens,2,B,0
1670,H. illucens,2,B,0
1671,H. illucens,2,B,0
1672,H. illucens,2,B,0
1673,H. illucens,2,B,0
1674,H. illucens,2,B,0
1675,H. illucens,2,B,0
1676,H. illucens,2,B,0
1677,H. illucens,2,B,0
1678,H. illucens,2,B,0
1679,H. illucens,2,B,0
1680,H. illucens,2,B,0
1681,H. illucens,2,B,0
1682,H. illucens,2,B,0
1683,H. illucens,2,B,0
1684,H. illucens,2,B,0
1685,H. illucens,2,B,0
1686,H. illucens,2,B,0
1687,H. illucens,2,B,0
1688,H. illucens,2,B,0
1689,H. illucens,2,B,0
1690,H. illucens,2,B,0
1691,H. illucens,2,B,0
1692,H. illucens,2,B,0
1693,H. illucens,2,B,0
1694,H. illucens,2,B,0
1695,H. illucens,2,B,0
1696,H. illucens,2,B,0
1697,H. illucens,2,B,0
1698,H. illucens,2,B,0
1699,H. illucens,2,B,0
1700,H. illucens,2,C,1
1701,H. illucens,2,C,1
1702,H. illucens,2,C,1
1703,H. illucens,2,C,1
1704,H. illucens,2,C,1
1705,H. illucens,2,C,1
1706,H. illucens,2,C,1
1707,H. illucens,2,C,1
1708,H. illucens,2,C,1
1709,H. illucens,2,C,1
1710,H. illucens,2,C,1
1711,H. illucens,2,C,1
1712,H. illucens,2,C,1
1713,H. illucens,2,C,1
1714,H. illucens,2,C,1
1715,H. illucens,2,C,1
1716,H. illucens,2,C,1
1717,H. illucens,2,C,1
1718,H. illucens,2,C,1
1719,H. illucens,2,C,1
1720,H. illucens,2,C,1
1721,H. illucens,2,C,1
1722,H. illucens,2,C,1
1723,H. illucens,2,C,1
1724,H. illucens,2,C,1
1725,H. illucens,2,C,1
1726,H. illucens,2,C,1
1727,H. illucens,2,C,1
1728,H. illucens,2,C,1
1729,H. illucens,2,C,1
1730,H. illucens,2,C,1
1731,H. illucens,2,C,1
1732,H. illucens,2,C,1
1733,H. illucens,2,C,1
1734,H. illucens,2,C,1
1735,H. illucens,2,C,1
1736,H. illucens,2,C,1
1737,H. illucens,2,C,1
1738,H. illucens,2,C,1
1739,H. illucens,2,C,1
1740,H. illucens,2,C,1
1741,H. illucens,2,C,1
1742,H. illucens,2,C,1
1743,H. illucens,2,C,1
1744,H. illucens,2,C,1
1745,H. illucens,2,C,1
1746,H. illucens,2,C,1
1747,H. illucens,2,C,1
1748,H. illucens,2,C,1
1749,H. illucens,2,C,1
1750,H. illucens,2,C,0
1751,H. illucens,2,C,0
1752,H. illucens,2,C,0
1753,H. illucens,2,C,0
1754,H. illucens,2,C,0
1755,H. illucens,2,C,0
1756,H. illucens,2,C,0
1757,H. illucens,2,C,0
1758,H. illucens,2,C,0
1759,H. illucens,2,C,0
1760,H. illucens,2,C,0
1761,H. illucens,2,C,0
1762,H. illucens,2,C,0
1763,H. illucens,2,C,0
1764,H. illucens,2,C,0
1765,H. illucens,2,C,0
1766,H. illucens,2,C,0
1767,H. illucens,2,C,0
1768,H. illucens,2,C,0
1769,H. illucens,2,C,0
1770,H. illucens,2,C,0
1771,H. illucens,2,C,0
1772,H. illucens,2,C,0
1773,H. illucens,2,C,0
1774,H. illucens,2,C,0
1775,H. illucens,2,C,0
1776,H. illucens,2,C,0
1777,H. illucens,2,C,0
1778,H. illucens,2,C,0
1779,H. illucens,2,C,0
1780,H. illucens,2,C,0
1781,H. illucens,2,C,0
1782,H. illucens,2,C,0
1783,H. illucens,2,C,0
1784,H. illucens,2,C,0
1785,H. illucens,2,C,0
1786,H. illucens,2,C,0
1787,H. illucens,2,C,0
1788,H. illucens,2,C,0
1789,H. illucens,2,C,0
1790,H. illucens,2,C,0
1791,H. illucens,2,C,0
1792,H. illucens,2,C,0
1793,H. illucens,2,C,0
1794,H. illucens,2,C,0
1795,H. illucens,2,C,0
1796,H. illucens,2,C,0
1797,H. illucens,2,C,0
1798,H. illucens,2,C,0
1799,H. illucens,2,C,0
1800,A. domesticus,3,A,1
1801,A. domesticus,3,A,1
1802,A. domesticus,3,A,1
1803,A. domesticus,3,A,1
1804,A. domesticus,3,A,1
1805,A. domesticus,3,A,1
1806,A. domesticus,3,A,1
1807,A. domesticus,3,A,1
1808,A. domesticus,3,A,1
1809,A. domesticus,3,A,1
1810,A. domesticus,3,A,1
1811,A. domesticus,3,A,1
1812,A. domesticus,3,A,1
1813,A. domesticus,3,A,1
1814,A. domesticus,3,A,1
1815,A. domesticus,3,A,1
1816,A. domesticus,3,A,1
1817,A. domesticus,3,A,1
1818,A. domesticus,3,A,1
1819,A. domesticus,3,A,1
1820,A. domesticus,3,A,1
1821,A. domesticus,3,A,1
1822,A. domesticus,3,A,1
1823,A. domesticus,3,A,1
1824,A. domesticus,3,A,1
1825,A. domesticus,3,A,1
1826,A. domesticus,3,A,1
1827,A. domesticus,3,A,1
1828,A. domesticus,3,A,1
1829,A. domesticus,3,A,1
1830,A. domesticus,3,A,1
1831,A. domesticus,3,A,1
1832,A. domesticus,3,A,1
1833,A. domesticus,3,A,1
1834,A. domesticus,3,A,1
1835,A. domesticus,3,A,1
1836,A. domesticus,3,A,1
1837,A. domesticus,3,A,1
1838,A. domesticus,3,A,1
1839,A. domesticus,3,A,1
1840,A. domesticus,3,A,1
1841,A. domesticus,3,A,1
1842,A. domesticus,3,A,1
1843,A. domesticus,3,A,1
1844,A. domesticus,3,A,1
1845,A. domesticus,3,A,1
1846,A. domesticus,3,A,1
1847,A. domesticus,3,A,1
1848,A. domesticus,3,A,1
1849,A. domesticus,3,A,1
1850,A. domesticus,3,A,0
1851,A. domesticus,3,A,0
1852,A. domesticus,3,A,0
1853,A. domesticus,3,A,0
1854,A. domesticus,3,A,0
1855,A. domesticus,3,A,0
1856,A. domesticus,3,A,0
1857,A. domesticus,3,A,0
1858,A. domesticus,3,A,0
1859,A. domesticus,3,A,0
1860,A. domesticus,3,A,0
1861,A. domesticus,3,A,0
1862,A. domesticus,3,A,0
1863,A. domesticus,3,A,0
1864,A. domesticus,3,A,0
1865,A. domesticus,3,A,0
1866,A. domesticus,3,A,0
1867,A. domesticus,3,A,0
1868,A. domesticus,3,A,0
1869,A. domesticus,3,A,0
1870,A. domesticus,3,A,0
1871,A. domesticus,3,A,0
1872,A. domesticus,3,A,0
1873,A. domesticus,3,A,0
1874,A. domesticus,3,A,0
1875,A. domesticus,3,A,0
1876,A. domesticus,3,A,0
1877,A. domesticus,3,A,0
1878,A. domesticus,3,A,0
1879,A. domesticus,3,A,0
1880,A. domesticus,3,A,0
1881,A. domesticus,3,A,0
1882,A. domesticus,3,A,0
1883,A. domesticus,3,A,0
1884,A. domesticus,3,A,0
1885,A. domesticus,3,A,0
1886,A. domesticus,3,A,0
1887,A. domesticus,3,A,0
1888,A. domesticus,3,A,0
1889,A. domesticus,3,A,0
1890,A. domesticus,3,A,0
1891,A. domesticus,3,A,0
1892,A. domesticus,3,A,0
1893,A. domesticus,3,A,0
1894,A. domesticus,3,A,0
1895,A. domesticus,3,A,0
1896,A. domesticus,3,A,0
1897,A. domesticus,3,A,0
1898,A. domesticus,3,A,0
1899,A. domesticus,3,A,0
1900,A. domesticus,3,B,1
1901,A. domesticus,3,B,1
1902,A. domesticus,3,B,1
1903,A. domesticus,3,B,1
1904,A. domesticus,3,B,1
1905,A. domesticus,3,B,1
1906,A. domesticus,3,B,1
1907,A. domesticus,3,B,1
1908,A. domesticus,3,B,1
1909,A. domesticus,3,B,1
1910,A. domesticus,3,B,1
1911,A. domesticus,3,B,1
1912,A. domesticus,3,B,1
1913,A. domesticus,3,B,1
1914,A. domesticus,3,B,1
1915,A. domesticus,3,B,1
1916,A. domesticus,3,B,1
1917,A. domesticus,3,B,1
1918,A. domesticus,3,B,1
1919,A. domesticus,3,B,1
1920,A. domesticus,3,B,1
1921,A. domesticus,3,B,1
1922,A. domesticus,3,B,1
1923,A. domesticus,3,B,1
1924,A. domesticus,3,B,1
1925,A. domesticus,3,B,1
1926,A. domesticus,3,B,1
1927,A. domesticus,3,B,1
1928,A. domesticus,3,B,1
1929,A. domesticus,3,B,1
1930,A. domesticus,3,B,1
1931,A. domesticus,3,B,1
1932,A. domesticus,3,B,1
1933,A. domesticus,3,B,1
1934,A. domesticus,3,B,1
1935,A. domesticus,3,B,1
1936,A. domesticus,3,B,1
1937,A. domesticus,3,B,1
1938,A. domesticus,3,B,1
1939,A. domesticus,3,B,1
1940,A. domesticus,3,B,1
1941,A. domesticus,3,B,1
1942,A. domesticus,3,B,1
1943,A. domesticus,3,B,1
1944,A. domesticus,3,B,1
1945,A. domesticus,3,B,1
1946,A. domesticus,3,B,1
1947,A. domesticus,3,B,1
1948,A. domesticus,3,B,1
1949,A. domesticus,3,B,1
1950,A. domesticus,3,B,0
1951,A. domesticus,3,B,0
1952,A. domesticus,3,B,0
1953,A. domesticus,3,B,0
1954,A. domesticus,3,B,0
1955,A. domesticus,3,B,0
1956,A. domesticus,3,B,0
1957,A. domesticus,3,B,0
1958,A. domesticus,3,B,0
1959,A. domesticus,3,B,0
1960,A. domesticus,3,B,0
1961,A. domesticus,3,B,0
1962,A. domesticus,3,B,0
1963,A. domesticus,3,B,0
1964,A. domesticus,3,B,0
1965,A. domesticus,3,B,0
1966,A. domesticus,3,B,0
1967,A. domesticus,3,B,0
1968,A. domesticus,3,B,0
1969,A. domesticus,3,B,0
1970,A. domesticus,3,B,0
1971,A. domesticus,3,B,0
1972,A. domesticus,3,B,0
1973,A. domesticus,3,B,0
1974,A. domesticus,3,B,0
1975,A. domesticus,3,B,0
1976,A. domesticus,3,B,0
1977,A. domesticus,3,B,0
1978,A. domesticus,3,B,0
1979,A. domesticus,3,B,0
1980,A. domesticus,3,B,0
1981,A. domesticus,3,B,0
1982,A. domesticus,3,B,0
1983,A. domesticus,3,B,0
1984,A. domesticus,3,B,0
1985,A. domesticus,3,B,0
1986,A. domesticus,3,B,0
1987,A. domesticus,3,B,0
1988,A. domesticus,3,B,0
1989,A. domesticus,3,B,0
1990,A. domesticus,3,B,0
1991,A. domesticus,3,B,0
1992,A. domesticus,3,B,0
1993,A. domesticus,3,B,0
1994,A. domesticus,3,B,0
1995,A. domesticus,3,B,0
1996,A. domesticus,3,B,0
1997,A. domesticus,3,B,0
1998,A. domesticus,3,B,0
1999,A. domesticus,3,B,0
2000,A. domesticus,3,C,1
2001,A. domesticus,3,C,1
2002,A. domesticus,3,C,1
2003,A. domesticus,3,C,1
2004,A. domesticus,3,C,1
2005,A. domesticus,3,C,1
2006,A. domesticus,3,C,1
2007,A. domesticus,3,C,1
2008,A. domesticus,3,C,1
2009,A. domesticus,3,C,1
2010,A. domesticus,3,C,1
2011,A. domesticus,3,C,1
2012,A. domesticus,3,C,1
2013,A. domesticus,3,C,1
2014,A. domesticus,3,C,1
2015,A. domesticus,3,C,1
2016,A. domesticus,3,C,1
2017,A. domesticus,3,C,1
2018,A. domesticus,3,C,1
2019,A. domesticus,3,C,1
2020,A. domesticus,3,C,1
2021,A. domesticus,3,C,1
2022,A. domesticus,3,C,1
2023,A. domesticus,3,C,1
2024,A. domesticus,3,C,1
2025,A. domesticus,3,C,1
2026,A. domesticus,3,C,1
2027,A. domesticus,3,C,1
2028,A. domesticus,3,C,1
2029,A. domesticus,3,C,1
2030,A. domesticus,3,C,1
2031,A. domesticus,3,C,1
2032,A. domesticus,3,C,1
2033,A. domesticus,3,C,1
2034,A. domesticus,3,C,1
2035,A. domesticus,3,C,1
2036,A. domesticus,3,C,1
2037,A. domesticus,3,C,1
2038,A. domesticus,3,C,1
2039,A. domesticus,3,C,1
2040,A. domesticus,3,C,1
2041,A. domesticus,3,C,1
2042,A. domesticus,3,C,1
2043,A. domesticus,3,C,1
2044,A. domesticus,3,C,1
2045,A. domesticus,3,C,1
2046,A. domesticus,3,C,1
2047,A. domesticus,3,C,1
2048,A. domesticus,3,C,1
2049,A. domesticus,3,C,1
2050,A. domesticus,3,C,0
2051,A. domesticus,3,C,0
2052,A. domesticus,3,C,0
2053,A. domesticus,3,C,0
2054,A. domesticus,3,C,0
2055,A. domesticus,3,C,0
2056,A. domesticus,3,C,0
2057,A. domesticus,3,C,0
2058,A. domesticus,3,C,0
2059,A. domesticus,3,C,0
2060,A. domesticus,3,C,0
2061,A. domesticus,3,C,0
2062,A. domesticus,3,C,0
2063,A. domesticus,3,C,0
2064,A. domesticus,3,C,0
2065,A. domesticus,3,C,0
2066,A. domesticus,3,C,0
2067,A. domesticus,3,C,0
2068,A. domesticus,3,C,0
2069,A. domesticus,3,C,0
2070,A. domesticus,3,C,0
2071,A. domesticus,3,C,0
2072,A. domesticus,3,C,0
2073,A. domesticus,3,C,0
2074,A. domesticus,3,C,0
2075,A. domesticus,3,C,0
2076,A. domesticus,3,C,0
2077,A. domesticus,3,C,0
2078,A. domesticus,3,C,0
2079,A. domesticus,3,C,0
2080,A. domesticus,3,C,0
2081,A. domesticus,3,C,0
2082,A. domesticus,3,C,0
2083,A. domesticus,3,C,0
2084,A. domesticus,3,C,0
2085,A. domesticus,3,C,0
2086,A. domesticus,3,C,0
2087,A. domesticus,3,C,0
2088,A. domesticus,3,C,0
2089,A. domesticus,3,C,0
2090,A. domesticus,3,C,0
2091,A. domesticus,3,C,0
2092,A. domesticus,3,C,0
2093,A. domesticus,3,C,0
2094,A. domesticus,3,C,0
2095,A. domesticus,3,C,0
2096,A. domesticus,3,C,0
2097,A. domesticus,3,C,0
2098,A. domesticus,3,C,0
2099,A. domesticus,3,C,0
2100,T. molitor,3,A,1
2101,T. molitor,3,A,1
2102,T. molitor,3,A,1
2103,T. molitor,3,A,1
2104,T. molitor,3,A,1
2105,T. molitor,3,A,1
2106,T. molitor,3,A,1
2107,T. molitor,3,A,1
2108,T. molitor,3,A,1
2109,T. molitor,3,A,1
2110,T. molitor,3,A,1
2111,T. molitor,3,A,1
2112,T. molitor,3,A,1
2113,T. molitor,3,A,1
2114,T. molitor,3,A,1
2115,T. molitor,3,A,1
2116,T. molitor,3,A,1
2117,T. molitor,3,A,1
2118,T. molitor,3,A,1
2119,T. molitor,3,A,1
2120,T. molitor,3,A,1
2121,T. molitor,3,A,1
2122,T. molitor,3,A,1
2123,T. molitor,3,A,1
2124,T. molitor,3,A,1
2125,T. molitor,3,A,1
2126,T. molitor,3,A,1
2127,T. molitor,3,A,1
2128,T. molitor,3,A,1
2129,T. molitor,3,A,1
2130,T. molitor,3,A,1
2131,T. molitor,3,A,1
2132,T. molitor,3,A,1
2133,T. molitor,3,A,1
2134,T. molitor,3,A,1
2135,T. molitor,3,A,1
2136,T. molitor,3,A,1
2137,T. molitor,3,A,1
2138,T. molitor,3,A,1
2139,T. molitor,3,A,1
2140,T. molitor,3,A,1
2141,T. molitor,3,A,1
2142,T. molitor,3,A,1
2143,T. molitor,3,A,1
2144,T. molitor,3,A,1
2145,T. molitor,3,A,1
2146,T. molitor,3,A,1
2147,T. molitor,3,A,1
2148,T. molitor,3,A,1
2149,T. molitor,3,A,1
2150,T. molitor,3,A,0
2151,T. molitor,3,A,0
2152,T. molitor,3,A,0
2153,T. molitor,3,A,0
2154,T. molitor,3,A,0
2155,T. molitor,3,A,0
2156,T. molitor,3,A,0
2157,T. molitor,3,A,0
2158,T. molitor,3,A,0
2159,T. molitor,3,A,0
2160,T. molitor,3,A,0
2161,T. molitor,3,A,0
2162,T. molitor,3,A,0
2163,T. molitor,3,A,0
2164,T. molitor,3,A,0
2165,T. molitor,3,A,0
2166,T. molitor,3,A,0
2167,T. molitor,3,A,0
2168,T. molitor,3,A,0
2169,T. molitor,3,A,0
2170,T. molitor,3,A,0
2171,T. molitor,3,A,0
2172,T. molitor,3,A,0
2173,T. molitor,3,A,0
2174,T. molitor,3,A,0
2175,T. molitor,3,A,0
2176,T. molitor,3,A,0
2177,T. molitor,3,A,0
2178,T. molitor,3,A,0
2179,T. molitor,3,A,0
2180,T. molitor,3,A,0
2181,T. molitor,3,A,0
2182,T. molitor,3,A,0
2183,T. molitor,3,A,0
2184,T. molitor,3,A,0
2185,T. molitor,3,A,0
2186,T. molitor,3,A,0
2187,T. molitor,3,A,0
2188,T. molitor,3,A,0
2189,T. molitor,3,A,0
2190,T. molitor,3,A,0
2191,T. molitor,3,A,0
2192,T. molitor,3,A,0
2193,T. molitor,3,A,0
2194,T. molitor,3,A,0
2195,T. molitor,3,A,0
2196,T. molitor,3,A,0
2197,T. molitor,3,A,0
2198,T. molitor,3,A,0
2199,T. molitor,3,A,0
2200,T. molitor,3,B,1
2201,T. molitor,3,B,1
2202,T. molitor,3,B,1
2203,T. molitor,3,B,1
2204,T. molitor,3,B,1
2205,T. molitor,3,B,1
2206,T. molitor,3,B,1
2207,T. molitor,3,B,1
2208,T. molitor,3,B,1
2209,T. molitor,3,B,1
2210,T. molitor,3,B,1
2211,T. molitor,3,B,1
2212,T. molitor,3,B,1
2213,T. molitor,3,B,1
2214,T. molitor,3,B,1
2215,T. molitor,3,B,1
2216,T. molitor,3,B,1
2217,T. molitor,3,B,1
2218,T. molitor,3,B,1
2219,T. molitor,3,B,1
2220,T. molitor,3,B,1
2221,T. molitor,3,B,1
2222,T. molitor,3,B,1
2223,T. molitor,3,B,1
2224,T. molitor,3,B,1
2225,T. molitor,3,B,1
2226,T. molitor,3,B,1
2227,T. molitor,3,B,1
2228,T. molitor,3,B,1
2229,T. molitor,3,B,1
2230,T. molitor,3,B,1
2231,T. molitor,3,B,1
2232,T. molitor,3,B,1
2233,T. molitor,3,B,1
2234,T. molitor,3,B,1
2235,T. molitor,3,B,1
2236,T. molitor,3,B,1
2237,T. molitor,3,B,1
2238,T. molitor,3,B,1
2239,T. molitor,3,B,1
2240,T. molitor,3,B,1
2241,T. molitor,3,B,1
2242,T. molitor,3,B,1
2243,T. molitor,3,B,1
2244,T. molitor,3,B,1
2245,T. molitor,3,B,1
2246,T. molitor,3,B,1
2247,T. molitor,3,B,1
2248,T. molitor,3,B,1
2249,T. molitor,3,B,1
2250,T. molitor,3,B,0
2251,T. molitor,3,B,0
2252,T. molitor,3,B,0
2253,T. molitor,3,B,0
2254,T. molitor,3,B,0
2255,T. molitor,3,B,0
2256,T. molitor,3,B,0
2257,T. molitor,3,B,0
2258,T. molitor,3,B,0
2259,T. molitor,3,B,0
2260,T. molitor,3,B,0
2261,T. molitor,3,B,0
2262,T. molitor,3,B,0
2263,T. molitor,3,B,0
2264,T. molitor,3,B,0
2265,T. molitor,3,B,0
2266,T. molitor,3,B,0
2267,T. molitor,3,B,0
2268,T. molitor,3,B,0
2269,T. molitor,3,B,0
2270,T. molitor,3,B,0
2271,T. molitor,3,B,0
2272,T. molitor,3,B,0
2273,T. molitor,3,B,0
2274,T. molitor,3,B,0
2275,T. molitor,3,B,0
2276,T. molitor,3,B,0
2277,T. molitor,3,B,0
2278,T. molitor,3,B,0
2279,T. molitor,3,B,0
2280,T. molitor,3,B,0
2281,T. molitor,3,B,0
2282,T. molitor,3,B,0
2283,T. molitor,3,B,0
2284,T. molitor,3,B,0
2285,T. molitor,3,B,0
2286,T. molitor,3,B,0
2287,T. molitor,3,B,0
2288,T. molitor,3,B,0
2289,T. molitor,3,B,0
2290,T. molitor,3,B,0
2291,T. molitor,3,B,0
2292,T. molitor,3,B,0
2293,T. molitor,3,B,0
2294,T. molitor,3,B,0
2295,T. molitor,3,B,0
2296,T. molitor,3,B,0
2297,T. molitor,3,B,0
2298,T. molitor,3,B,0
2299,T. molitor,3,B,0
2300,T. molitor,3,C,1
2301,T. molitor,3,C,1
2302,T. molitor,3,C,1
2303,T. molitor,3,C,1
2304,T. molitor,3,C,1
2305,T. molitor,3,C,1
2306,T. molitor,3,C,1
2307,T. molitor,3,C,1
2308,T. molitor,3,C,1
2309,T. molitor,3,C,1
2310,T. molitor,3,C,1
2311,T. molitor,3,C,1
2312,T. molitor,3,C,1
2313,T. molitor,3,C,1
2314,T. molitor,3,C,1
2315,T. molitor,3,C,1
2316,T. molitor,3,C,1
2317,T. molitor,3,C,1
2318,T. molitor,3,C,1
2319,T. molitor,3,C,1
2320,T. molitor,3,C,1
2321,T. molitor,3,C,1
2322,T. molitor,3,C,1
2323,T. molitor,3,C,1
2324,T. molitor,3,C,1
2325,T. molitor,3,C,1
2326,T. molitor,3,C,1
2327,T. molitor,3,C,1
2328,T. molitor,3,C,1
2329,T. molitor,3,C,1
2330,T. molitor,3,C,1
2331,T. molitor,3,C,1
2332,T. molitor,3,C,1
2333,T. molitor,3,C,1
2334,T. molitor,3,C,1
2335,T. molitor,3,C,1
2336,T. molitor,3,C,1
2337,T. molitor,3,C,1
2338,T. molitor,3,C,1
2339,T. molitor,3,C,1
2340,T. molitor,3,C,1
2341,T. molitor,3,C,1
2342,T. molitor,3,C,1
2343,T. molitor,3,C,1
2344,T. molitor,3,C,1
2345,T. molitor,3,C,1
2346,T. molitor,3,C,1
2347,T. molitor,3,C,1
2348,T. molitor,3,C,1
2349,T. molitor,3,C,1
2350,T. molitor,3,C,0
2351,T. molitor,3,C,0
2352,T. molitor,3,C,0
2353,T. molitor,3,C,0
2354,T. molitor,3,C,0
2355,T. molitor,3,C,0
2356,T. molitor,3,C,0
2357,T. molitor,3,C,0
2358,T. molitor,3,C,0
2359,T. molitor,3,C,0
2360,T. molitor,3,C,0
2361,T. molitor,3,C,0
2362,T. molitor,3,C,0
2363,T. molitor,3,C,0
2364,T. molitor,3,C,0
2365,T. molitor,3,C,0
2366,T. molitor,3,C,0
2367,T. molitor,3,C,0
2368,T. molitor,3,C,0
2369,T. molitor,3,C,0
2370,T. molitor,3,C,0
2371,T. molitor,3,C,0
2372,T. molitor,3,C,0
2373,T. molitor,3,C,0
2374,T. molitor,3,C,0
2375,T. molitor,3,C,0
2376,T. molitor,3,C,0
2377,T. molitor,3,C,0
2378,T. molitor,3,C,0
2379,T. molitor,3,C,0
2380,T. molitor,3,C,0
2381,T. molitor,3,C,0
2382,T. molitor,3,C,0
2383,T. molitor,3,C,0
2384,T. molitor,3,C,0
2385,T. molitor,3,C,0
2386,T. molitor,3,C,0
2387,T. molitor,3,C,0
2388,T. molitor,3,C,0
2389,T. molitor,3,C,0
2390,T. molitor,3,C,0
2391,T. molitor,3,C,0
2392,T. molitor,3,C,0
2393,T. molitor,3,C,0
2394,T. molitor,3,C,0
2395,T. molitor,3,C,0
2396,T. molitor,3,C,0
2397,T. molitor,3,C,0
2398,T. molitor,3,C,0
2399,T. molitor,3,C,0
2400,H. illucens,3,A,1
2401,H. illucens,3,A,1
2402,H. illucens,3,A,1
2403,H. illucens,3,A,1
2404,H. illucens,3,A,1
2405,H. illucens,3,A,1
2406,H. illucens,3,A,1
2407,H. illucens,3,A,1
2408,H. illucens,3,A,1
2409,H. illucens,3,A,1
2410,H. illucens,3,A,1
2411,H. illucens,3,A,1
2412,H. illucens,3,A,1
2413,H. illucens,3,A,1
2414,H. illucens,3,A,1
2415,H. illucens,3,A,1
2416,H. illucens,3,A,1
2417,H. illucens,3,A,1
2418,H. illucens,3,A,1
2419,H. illucens,3,A,1
2420,H. illucens,3,A,1
2421,H. illucens,3,A,1
2422,H. illucens,3,A,1
2423,H. illucens,3,A,1
2424,H. illucens,3,A,1
2425,H. illucens,3,A,1
2426,H. illucens,3,A,1
2427,H. illucens,3,A,1
2428,H. illucens,3,A,1
2429,H. illucens,3,A,1
2430,H. illucens,3,A,1
2431,H. illucens,3,A,1
2432,H. illucens,3,A,1
2433,H. illucens,3,A,1
2434,H. illucens,3,A,1
2435,H. illucens,3,A,1
2436,H. illucens,3,A,1
2437,H. illucens,3,A,1
2438,H. illucens,3,A,1
2439,H. illucens,3,A,1
2440,H. illucens,3,A,1
2441,H. illucens,3,A,1
2442,H. illucens,3,A,1
2443,H. illucens,3,A,1
2444,H. illucens,3,A,1
2445,H. illucens,3,A,1
2446,H. illucens,3,A,1
2447,H. illucens,3,A,1
2448,H. illucens,3,A,1
2449,H. illucens,3,A,1
2450,H. illucens,3,A,0
2451,H. illucens,3,A,0
2452,H. illucens,3,A,0
2453,H. illucens,3,A,0
2454,H. illucens,3,A,0
2455,H. illucens,3,A,0
2456,H. illucens,3,A,0
2457,H. illucens,3,A,0
2458,H. illucens,3,A,0
2459,H. illucens,3,A,0
2460,H. illucens,3,A,0
2461,H. illucens,3,A,0
2462,H. illucens,3,A,0
2463,H. illucens,3,A,0
2464,H. illucens,3,A,0
2465,H. illucens,3,A,0
2466,H. illucens,3,A,0
2467,H. illucens,3,A,0
2468,H. illucens,3,A,0
2469,H. illucens,3,A,0
2470,H. illucens,3,A,0
2471,H. illucens,3,A,0
2472,H. illucens,3,A,0
2473,H. illucens,3,A,0
2474,H. illucens,3,A,0
2475,H. illucens,3,A,0
2476,H. illucens,3,A,0
2477,H. illucens,3,A,0
2478,H. illucens,3,A,0
2479,H. illucens,3,A,0
2480,H. illucens,3,A,0
2481,H. illucens,3,A,0
2482,H. illucens,3,A,0
2483,H. illucens,3,A,0
2484,H. illucens,3,A,0
2485,H. illucens,3,A,0
2486,H. illucens,3,A,0
2487,H. illucens,3,A,0
2488,H. illucens,3,A,0
2489,H. illucens,3,A,0
2490,H. illucens,3,A,0
2491,H. illucens,3,A,0
2492,H. illucens,3,A,0
2493,H. illucens,3,A,0
2494,H. illucens,3,A,0
2495,H. illucens,3,A,0
2496,H. illucens,3,A,0
2497,H. illucens,3,A,0
2498,H. illucens,3,A,0
2499,H. illucens,3,A,0
2500,H. illucens,3,B,1
2501,H. illucens,3,B,1
2502,H. illucens,3,B,1
2503,H. illucens,3,B,1
2504,H. illucens,3,B,1
2505,H. illucens,3,B,1
2506,H. illucens,3,B,1
2507,H. illucens,3,B,1
2508,H. illucens,3,B,1
2509,H. illucens,3,B,1
2510,H. illucens,3,B,1
2511,H. illucens,3,B,1
2512,H. illucens,3,B,1
2513,H. illucens,3,B,1
2514,H. illucens,3,B,1
2515,H. illucens,3,B,1
2516,H. illucens,3,B,1
2517,H. illucens,3,B,1
2518,H. illucens,3,B,1
2519,H. illucens,3,B,1
2520,H. illucens,3,B,1
2521,H. illucens,3,B,1
2522,H. illucens,3,B,1
2523,H. illucens,3,B,1
2524,H. illucens,3,B,1
2525,H. illucens,3,B,1
2526,H. illucens,3,B,1
2527,H. illucens,3,B,1
2528,H. illucens,3,B,1
2529,H. illucens,3,B,1
2530,H. illucens,3,B,1
2531,H. illucens,3,B,1
2532,H. illucens,3,B,1
2533,H. illucens,3,B,1
2534,H. illucens,3,B,1
2535,H. illucens,3,B,1
2536,H. illucens,3,B,1
2537,H. illucens,3,B,1
2538,H. illucens,3,B,1
2539,H. illucens,3,B,1
2540,H. illucens,3,B,1
2541,H. illucens,3,B,1
2542,H. illucens,3,B,1
2543,H. illucens,3,B,1
2544,H. illucens,3,B,1
2545,H. illucens,3,B,1
2546,H. illucens,3,B,1
2547,H. illucens,3,B,1
2548,H. illucens,3,B,1
2549,H. illucens,3,B,1
2550,H. illucens,3,B,0
2551,H. illucens,3,B,0
2552,H. illucens,3,B,0
2553,H. illucens,3,B,0
2554,H. illucens,3,B,0
2555,H. illucens,3,B,0
2556,H. illucens,3,B,0
2557,H. illucens,3,B,0
2558,H. illucens,3,B,0
2559,H. illucens,3,B,0
2560,H. illucens,3,B,0
2561,H. illucens,3,B,0
2562,H. illucens,3,B,0
2563,H. illucens,3,B,0
2564,H. illucens,3,B,0
2565,H. illucens,3,B,0
2566,H. illucens,3,B,0
2567,H. illucens,3,B,0
2568,H. illucens,3,B,0
2569,H. illucens,3,B,0
2570,H. illucens,3,B,0
2571,H. illucens,3,B,0
2572,H. illucens,3,B,0
2573,H. illucens,3,B,0
2574,H. illucens,3,B,0
2575,H. illucens,3,B,0
2576,H. illucens,3,B,0
2577,H. illucens,3,B,0
2578,H. illucens,3,B,0
2579,H. illucens,3,B,0
2580,H. illucens,3,B,0
2581,H. illucens,3,B,0
2582,H. illucens,3,B,0
2583,H. illucens,3,B,0
2584,H. illucens,3,B,0
2585,H. illucens,3,B,0
2586,H. illucens,3,B,0
2587,H. illucens,3,B,0
2588,H. illucens,3,B,0
2589,H. illucens,3,B,0
2590,H. illucens,3,B,0
2591,H. illucens,3,B,0
2592,H. illucens,3,B,0
2593,H. illucens,3,B,0
2594,H. illucens,3,B,0
2595,H. illucens,3,B,0
2596,H. illucens,3,B,0
2597,H. illucens,3,B,0
2598,H. illucens,3,B,0
2599,H. illucens,3,B,0
2600,H. illucens,3,C,1
2601,H. illucens,3,C,1
2602,H. illucens,3,C,1
2603,H. illucens,3,C,1
2604,H. illucens,3,C,1
2605,H. illucens,3,C,1
2606,H. illucens,3,C,1
2607,H. illucens,3,C,1
2608,H. illucens,3,C,1
2609,H. illucens,3,C,1
2610,H. illucens,3,C,1
2611,H. illucens,3,C,1
2612,H. illucens,3,C,1
2613,H. illucens,3,C,1
2614,H. illucens,3,C,1
2615,H. illucens,3,C,1
2616,H. illucens,3,C,1
2617,H. illucens,3,C,1
2618,H. illucens,3,C,1
2619,H. illucens,3,C,1
2620,H. illucens,3,C,1
2621,H. illucens,3,C,1
2622,H. illucens,3,C,1
2623,H. illucens,3,C,1
2624,H. illucens,3,C,1
2625,H. illucens,3,C,1
2626,H. illucens,3,C,1
2627,H. illucens,3,C,1
2628,H. illucens,3,C,1
2629,H. illucens,3,C,1
2630,H. illucens,3,C,1
2631,H. illucens,3,C,1
2632,H. illucens,3,C,1
2633,H. illucens,3,C,1
2634,H. illucens,3,C,1
2635,H. illucens,3,C,1
2636,H. illucens,3,C,1
2637,H. illucens,3,C,1
2638,H. illucens,3,C,1
2639,H. illucens,3,C,1
2640,H. illucens,3,C,1
2641,H. illucens,3,C,1
2642,H. illucens,3,C,1
2643,H. illucens,3,C,1
2644,H. illucens,3,C,1
2645,H. illucens,3,C,1
2646,H. illucens,3,C,1
2647,H. illucens,3,C,1
2648,H. illucens,3,C,1
2649,H. illucens,3,C,1
2650,H. illucens,3,C,0
2651,H. illucens,3,C,0
2652,H. illucens,3,C,0
2653,H. illucens,3,C,0
2654,H. illucens,3,C,0
2655,H. illucens,3,C,0
2656,H. illucens,3,C,0
2657,H. illucens,3,C,0
2658,H. illucens,3,C,0
2659,H. illucens,3,C,0
2660,H. illucens,3,C,0
2661,H. illucens,3,C,0
2662,H. illucens,3,C,0
2663,H. illucens,3,C,0
2664,H. illucens,3,C,0
2665,H. illucens,3,C,0
2666,H. illucens,3,C,0
2667,H. illucens,3,C,0
2668,H. illucens,3,C,0
2669,H. illucens,3,C,0
2670,H. illucens,3,C,0
2671,H. illucens,3,C,0
2672,H. illucens,3,C,0
2673,H. illucens,3,C,0
2674,H. illucens,3,C,0
2675,H. illucens,3,C,0
2676,H. illucens,3,C,0
2677,H. illucens,3,C,0
2678,H. illucens,3,C,0
2679,H. illucens,3,C,0
2680,H. illucens,3,C,0
2681,H. illucens,3,C,0
2682,H. illucens,3,C,0
2683,H. illucens,3,C,0
2684,H. illucens,3,C,0
2685,H. illucens,3,C,0
2686,H. illucens,3,C,0
2687,H. illucens,3,C,0
2688,H. illucens,3,C,0
2689,H. illucens,3,C,0
2690,H. illucens,3,C,0
2691,H. illucens,3,C,0
2692,H. illucens,3,C,0
2693,H. illucens,3,C,0
2694,H. illucens,3,C,0
2695,H. illucens,3,C,0
2696,H. illucens,3,C,0
2697,H. illucens,3,C,0
2698,H. illucens,3,C,0
2699,H. illucens,3,C,0